출처ID,출처명,종류,URL,쪽범위,목록필터,상세링크패턴,파일링크패턴,본문선택자,검색어,최대개수,이용조건,메모
kda-exercise,대한당뇨병학회 일반인: 당뇨병과 운동,html,https://www.diabetes.or.kr/general/exercise/exercise_0{page}.php,1-8,,,,,,,"저작권 대한당뇨병학회, 원문 비공개",운동 메뉴 8개 페이지
jkd-resist,당뇨병환자의 저항운동 (J Korean Diabetes 2025),pdf,https://www.e-jkd.org/upload/pdf/jkd-2025-26-4-193.pdf,,,,,,,,CC BY-NC 4.0,
jkd-hiit,고강도 간헐적 운동과 당뇨병 (J Korean Diabetes 2024),page,https://www.e-jkd.org/journal/view.php?doi=10.4093%2Fjkd.2024.25.4.224,,,,upload/pdf,,,,CC BY-NC 4.0,논문 소개 페이지에서 PDF 링크 찾기
jkd-elderly,노인 당뇨병 관리 (J Korean Diabetes 2024),pdf,https://synapse.koreamed.org/upload/synapsexml/0178jkd/pdf/jkd-2024-25-3-157.pdf,,,,,,,,CC BY-NC 4.0,노인 운동 권고 포함
jkd-acsm-ada,운동과 제2형 당뇨병: ACSM·ADA 공동 권고안 (J Korean Diabetes 2012),pdf,https://synapse.koreamed.org/upload/synapsedata/pdfdata/0178jkd/jkd-13-61.pdf,,,,,,,,CC BY-NC,구 권고 → 버전 충돌 소재
jkd-complication,진행된 합병증이 있는 환자에서 운동 (J Korean Diabetes 2011),pdf,https://synapse.koreamed.org/upload/synapsedata/pdfdata/0178jkd/jkd-12-33.pdf,,,,,,,,CC BY-NC,최대심박수 50~70% 등 구 기준 → 버전 충돌 소재
jkd-epi,운동과 당뇨병의 역학 (J Korean Diabetes 2011),pdf,https://synapse.koreamed.org/upload/synapsedata/pdfdata/0178jkd/jkd-12-13.pdf,,,,,,,,CC BY-NC,
jkma-dm,"당뇨병과 운동 (대한의사협회지 48권, 2005)",pdf,https://synapse.koreamed.org/upload/synapsedata/pdfdata/1119jkma/jkma-48-822.pdf,,,,,,,,확인 필요,오래된 자료
jkma-obesity,"비만 관리의 과학적 근거 (대한의사협회지 54권, 2011)",pdf,https://synapse.koreamed.org/upload/synapsedata/pdfdata/0119jkma/jkma-54-250.pdf,,,,,,,,확인 필요,
ksso-2020,2020 대한비만학회 비만 진료지침 요약 (JOMES 2021),page,https://doi.org/10.7570/jomes21022,,,,\.pdf,,,,CC BY-NC 4.0,
ada-2016,ADA 신체활동·운동과 당뇨병 성명서 (Diabetes Care 2016),page,https://doi.org/10.2337/dc16-1728,,,,article-pdf|\.pdf,,,,"교육·비영리 목적, 변경 금지",
pmc-dm,PMC: Diabetes Metab J 운동·진료지침,pmc,,,,,,,"""Diabetes Metab J""[Journal] AND (exercise[Title] OR ""physical activity""[Title] OR ""clinical practice guidelines""[Title]) AND ""open access""[filter]",8,논문별 라이선스 자동 기록,
pmc-htn,PMC: Clin Hypertens 한국 고혈압 지침,pmc,,,,,,,"""Clin Hypertens""[Journal] AND (Korean[Title] OR Korea[Title]) AND (guideline[Title] OR guidelines[Title] OR exercise[Title]) AND ""open access""[filter]",6,논문별 라이선스 자동 기록,한국어 고혈압 운동 자료가 부족해서 보충
pmc-ob,PMC: J Obes Metab Syndr 운동·진료지침,pmc,,,,,,,"""J Obes Metab Syndr""[Journal] AND (exercise[Title] OR ""physical activity""[Title] OR guideline[Title] OR guidelines[Title]) AND ""open access""[filter]",8,논문별 라이선스 자동 기록,
#kdca,질병관리청 국가건강정보포털,html,,,,,,,,,공공누리 확인,"robots.txt가 자동 접근 금지 → 포털 Open API 신청 후 연결. 대상 cntnts_sn: 6251 신체활동, 5293 운동, 5305 당뇨병, 3390 당뇨환자의 운동요법, 5303 고혈압 환자의 운동요법, 6694 비만"
khepi,한국건강증진개발원 자료실,board,https://www.khepi.or.kr/kps/publish/list?menuId=MENU00890&page_no=B2017003,1-3,신체활동|비만|운동|지침,,,,,,공공누리 확인,robots.txt 허용(두 경로 제외). 보건복지부 문서의 대체 출처
#pag,미국 신체활동 지침 2판 (2018),pdf,여기에_PDF_주소,,,,,,,,미국 정부 저작물,지금은 수동 등록 파일 사용
