문서ID,출처ID,출처명,수집방식,게시글제목,URL,원본파일명,저장경로,형식,언어,수집일,SHA256,쪽수,글자수,텍스트없는쪽수,텍스트없는쪽,OCR쪽,판정_자동,판정사유,이용조건,판정_수동,비고
ada-2016-001,ada-2016,ADA 신체활동·운동과 당뇨병 성명서 (Diabetes Care 2016),코드(API),Physical Activity/Exercise and Diabetes: A Position Statement of the American Diabetes Association,https://pmc.ncbi.nlm.nih.gov/articles/PMC6908414/,PMC6908414.xml,data\text\ada-2016-001.txt,pmc,en,2026-09-30,1c156c2a05702c0804131acc71a7a9887796cf42ac13fe8ba6d06e5fc70d8aa5,1,104,0,,,제외,본문 없음(초록만 제공),http://www.diabetesjournals.org/content/license,,출판사가 본문 XML 미제공
jkd-acsm-ada-001,jkd-acsm-ada,운동과 제2형 당뇨병: ACSM·ADA 공동 권고안 (J Korean Diabetes 2012),코드,,https://synapse.koreamed.org/upload/synapsedata/pdfdata/0178jkd/jkd-13-61.pdf,jkd-13-61.pdf,data\raw\jkd-acsm-ada-001.pdf,pdf,ko,2026-09-30,088154fd13e6971f96dec18e4bc82f7172b0e34355df8b788353845b81f4c401,8,22834,0,,,사용,,CC BY-NC,,
jkd-complication-001,jkd-complication,진행된 합병증이 있는 환자에서 운동 (J Korean Diabetes 2011),코드,,https://synapse.koreamed.org/upload/synapsedata/pdfdata/0178jkd/jkd-12-33.pdf,jkd-12-33.pdf,data\raw\jkd-complication-001.pdf,pdf,ko,2026-09-30,fddf5c4739db6dc5e6f41ad59f0df7abf015e3fd7ca7e9f4b36b650c3d69463c,4,8750,0,,,사용,,CC BY-NC,,
jkd-elderly-001,jkd-elderly,노인 당뇨병 관리 (J Korean Diabetes 2024),코드,,https://synapse.koreamed.org/upload/synapsexml/0178jkd/pdf/jkd-2024-25-3-157.pdf,jkd-2024-25-3-157.pdf,data\raw\jkd-elderly-001.pdf,pdf,ko,2026-09-30,5ee75ab2fe86ae3d2b20d855b0943064987801ac241b5eeb11fe00998cdb059e,8,13544,0,,,사용,,CC BY-NC 4.0,,
jkd-epi-001,jkd-epi,운동과 당뇨병의 역학 (J Korean Diabetes 2011),코드,,https://synapse.koreamed.org/upload/synapsedata/pdfdata/0178jkd/jkd-12-13.pdf,jkd-12-13.pdf,data\raw\jkd-epi-001.pdf,pdf,ko,2026-09-30,2346ab4b0bbeccd462254a11d11224bbc5f28d4fe08c3c5a420e01d470ef59cc,8,17383,0,,,사용,,CC BY-NC,,
jkd-hiit-001,jkd-hiit,고강도 간헐적 운동과 당뇨병 (J Korean Diabetes 2024),코드,,https://synapse.koreamed.org/upload/synapsexml/0178jkd/pdf/jkd-2024-25-4-224.pdf,jkd-2024-25-4-224.pdf,data\raw\jkd-hiit-001.pdf,pdf,ko,2026-09-30,41d81f4114435a78c921ef04798eb433a653cd38a837529175e009be69ac00e5,6,11403,0,,,사용,,CC BY-NC 4.0,,
jkd-resist-001,jkd-resist,당뇨병환자의 저항운동 (J Korean Diabetes 2025),코드,,https://synapse.koreamed.org/upload/synapsexml/0178jkd/pdf/jkd-2025-26-4-193.pdf,jkd-2025-26-4-193.pdf,data\raw\jkd-resist-001.pdf,pdf,ko,2026-09-30,1341992ea9dd1e1de97d445c2394a6de052afae11f1652d75e976c2ffa9158ff,9,18044,0,,,사용,,CC BY-NC 4.0,,
jkma-dm-001,jkma-dm,"당뇨병과 운동 (대한의사협회지 48권, 2005)",코드,,https://synapse.koreamed.org/upload/synapsedata/pdfdata/1119jkma/jkma-48-822.pdf,jkma-48-822.pdf,data\raw\jkma-dm-001.pdf,pdf,ko,2026-09-30,26561671a0d060c0b6479e273d2bb659a493fc38d9109694e6d64b609ebb1afe,12,17617,0,,,사용,,확인 필요,,
jkma-obesity-001,jkma-obesity,"비만 관리의 과학적 근거 (대한의사협회지 54권, 2011)",코드,,https://synapse.koreamed.org/upload/synapsedata/pdfdata/0119jkma/jkma-54-250.pdf,jkma-54-250.pdf,data\raw\jkma-obesity-001.pdf,pdf,ko,2026-09-30,8ee071701075c058cb76bd9095a4bf35147f8256353f64202f23359f48de9b33,16,39037,0,,,사용,,확인 필요,,
kdca-001,kdca,질병관리청 국가건강정보포털,코드(API),비만,https://api.kdca.go.kr/api/provide/healthInfo?cntntsSn=6694,kdca-6694.xml,data\text\kdca-001.txt,kdca,ko,2026-09-30,4e6d50d6d0da04dfeb820668a15ab9c6303488ad006cfc472ad6228f025a8aff,1,13079,0,,,사용,,공공누리 확인,,
kdca-002,kdca,질병관리청 국가건강정보포털,코드(API),고혈당,https://api.kdca.go.kr/api/provide/healthInfo?cntntsSn=5304,kdca-5304.xml,data\text\kdca-002.txt,kdca,ko,2026-09-30,ac6cf709cc6e07e058231d3a451b0b4050308b99021dae1cd1bddd620f5c999c,1,2589,0,,,사용,,공공누리 확인,,
kdca-003,kdca,질병관리청 국가건강정보포털,코드(API),고혈압,https://api.kdca.go.kr/api/provide/healthInfo?cntntsSn=6765,kdca-6765.xml,data\text\kdca-003.txt,kdca,ko,2026-09-30,490c5afbe6b8db2a8c9c85a3dd2ce9a8c427d67ddca99d4d3608389cca17864d,1,5269,0,,,사용,,공공누리 확인,,
kdca-004,kdca,질병관리청 국가건강정보포털,코드(API),당뇨병,https://api.kdca.go.kr/api/provide/healthInfo?cntntsSn=5305,kdca-5305.xml,data\text\kdca-004.txt,kdca,ko,2026-09-30,954f511112850c36e23e8ea579e864990afc42ec725d77017c79cc83cc0faab4,1,29171,0,,,사용,,공공누리 확인,,
kdca-006,kdca,질병관리청 국가건강정보포털,코드(API),임신당뇨병,https://api.kdca.go.kr/api/provide/healthInfo?cntntsSn=6691,kdca-6691.xml,data\text\kdca-006.txt,kdca,ko,2026-09-30,58d70e7d835e094c45178750e21ae406138fe8d1ea961752331672808f9df064,1,7077,0,,,사용,,공공누리 확인,,
kdca-007,kdca,질병관리청 국가건강정보포털,코드(API),임신고혈압과 전자간증(임신중독증),https://api.kdca.go.kr/api/provide/healthInfo?cntntsSn=3329,kdca-3329.xml,data\text\kdca-007.txt,kdca,ko,2026-09-30,96942939b11436b14637578c25b0af3bfb64e70a35bfcd6acd7c055c5e53e0a1,1,6450,0,,,사용,,공공누리 확인,,
kdca-008,kdca,질병관리청 국가건강정보포털,코드(API),정상청소년의 성장과 발달,https://api.kdca.go.kr/api/provide/healthInfo?cntntsSn=5416,kdca-5416.xml,data\text\kdca-008.txt,kdca,ko,2026-09-30,2fa14c659067e88acd6495dc219a9d43e5ae7a7e8d61e92ab91a10eefe8e264d,1,5678,0,,,사용,,공공누리 확인,,
kdca-009,kdca,질병관리청 국가건강정보포털,코드(API),정상임신관리(임신의 진단과 관리),https://api.kdca.go.kr/api/provide/healthInfo?cntntsSn=6301,kdca-6301.xml,data\text\kdca-009.txt,kdca,ko,2026-09-30,7f36ccb09ee86712513c4f90e1b0c95e9517e8becb763788d85915aa666c4237,1,11131,0,,,사용,,공공누리 확인,,
kdca-010,kdca,질병관리청 국가건강정보포털,코드(API),정상임신관리(임신 전 관리),https://api.kdca.go.kr/api/provide/healthInfo?cntntsSn=6388,kdca-6388.xml,data\text\kdca-010.txt,kdca,ko,2026-09-30,008d351ccbbff0b7e1452af59028a8bc794db7f5025e614f6a2e74575411de0d,1,4251,0,,,사용,,공공누리 확인,,
kdca-011,kdca,질병관리청 국가건강정보포털,코드(API),정상노화의 이해,https://api.kdca.go.kr/api/provide/healthInfo?cntntsSn=6725,kdca-6725.xml,data\text\kdca-011.txt,kdca,ko,2026-09-30,489794b0f5b21a9812e5d76d72aaf05f7bcd978d8cd2b532659df083e0bce9bc,1,6924,0,,,사용,,공공누리 확인,,
kdca-012,kdca,질병관리청 국가건강정보포털,코드(API),정상소아의 성장,https://api.kdca.go.kr/api/provide/healthInfo?cntntsSn=6483,kdca-6483.xml,data\text\kdca-012.txt,kdca,ko,2026-09-30,c058d4a8dc498e901d54fb29dce31410a18140e5fe48ba747214515be4d9020c,1,881,0,,,사용,,공공누리 확인,,
kdca-013,kdca,질병관리청 국가건강정보포털,코드(API),당뇨환자의 운동요법,https://api.kdca.go.kr/api/provide/healthInfo?cntntsSn=3390,kdca-3390.xml,data\text\kdca-013.txt,kdca,ko,2026-09-30,5c1214313f3ee916f1eb0c56ff2a7a6be3ac926a4cd84aa568be9f3fb5d27b13,1,6589,0,,,사용,,공공누리 확인,,
kdca-015,kdca,질병관리청 국가건강정보포털,코드(API),스포츠 손상과 안전,https://api.kdca.go.kr/api/provide/healthInfo?cntntsSn=6309,kdca-6309.xml,data\text\kdca-015.txt,kdca,ko,2026-09-30,ca422312e550cb5f4fc2bb9eaedb4fec40abfac1a7ecfd8ee066003dbb197c51,1,5345,0,,,사용,,공공누리 확인,,
kdca-016,kdca,질병관리청 국가건강정보포털,코드(API),고혈압 환자의 운동요법,https://api.kdca.go.kr/api/provide/healthInfo?cntntsSn=5303,kdca-5303.xml,data\text\kdca-016.txt,kdca,en,2026-09-30,a659ec3fa788f1b949f8face0bab57cf3e2b203800ed3e3b5bc6d40510f801a8,1,18939,0,,,사용,,공공누리 확인,,
kdca-017,kdca,질병관리청 국가건강정보포털,코드(API),당뇨병 합병증(급성 합병증),https://api.kdca.go.kr/api/provide/healthInfo?cntntsSn=6902,kdca-6902.xml,data\text\kdca-017.txt,kdca,ko,2026-09-30,9b9c9adf0af512ea19b8458a6d3a241c62f063a028696be948e8d299e3250bea,1,873,0,,,사용,,공공누리 확인,,
kdca-018,kdca,질병관리청 국가건강정보포털,코드(API),당뇨병 합병증(만성 합병증),https://api.kdca.go.kr/api/provide/healthInfo?cntntsSn=6899,kdca-6899.xml,data\text\kdca-018.txt,kdca,ko,2026-09-30,796dc65a569a4915fbb73dadc90194166128e07dc8adcbc23194c56e911458d0,1,3633,0,,,사용,,공공누리 확인,,
kdca-019,kdca,질병관리청 국가건강정보포털,코드(API),"당뇨병 합병증(급성 합병증_당뇨병케토산증, 고혈당고삼투질상태)",https://api.kdca.go.kr/api/provide/healthInfo?cntntsSn=6901,kdca-6901.xml,data\text\kdca-019.txt,kdca,ko,2026-09-30,cf89cd9fa50397babee80c4a01318ae1dcccf0247f6cd837f0c0f818dc368b6e,1,2391,0,,,사용,,공공누리 확인,,
kdca-020,kdca,질병관리청 국가건강정보포털,코드(API),당뇨병 합병증(급성 합병증_저혈당),https://api.kdca.go.kr/api/provide/healthInfo?cntntsSn=6900,kdca-6900.xml,data\text\kdca-020.txt,kdca,ko,2026-09-30,68cbb02b3908cd292ea758ab97351f3924f3c9282cfde881212915bfdc333ad5,1,2278,0,,,사용,,공공누리 확인,,
kdca-022,kdca,질병관리청 국가건강정보포털,코드(API),소아 비만,https://api.kdca.go.kr/api/provide/healthInfo?cntntsSn=6886,kdca-6886.xml,data\text\kdca-022.txt,kdca,ko,2026-09-30,0f90338692bc0dab36eb06e55e16d267344612f1e21ef430adc95020b5239230,1,15980,0,,,사용,,공공누리 확인,,
kdca-023,kdca,질병관리청 국가건강정보포털,코드(API),노인 고혈압,https://api.kdca.go.kr/api/provide/healthInfo?cntntsSn=6698,kdca-6698.xml,data\text\kdca-023.txt,kdca,ko,2026-09-30,9d8ebb43930f55f97a6f15973e32c16858a27d0e1dbfa29746bb12a8f7ea013f,1,5708,0,,,사용,,공공누리 확인,,
kdca-024,kdca,질병관리청 국가건강정보포털,코드(API),노인 당뇨병,https://api.kdca.go.kr/api/provide/healthInfo?cntntsSn=5306,kdca-5306.xml,data\text\kdca-024.txt,kdca,ko,2026-09-30,69d7afcb70edbfed92f1ac5edfbaf13996495a82d8bf9a91efad23a60545cc95,1,3530,0,,,사용,,공공누리 확인,,
khepi-ob-001,khepi-ob,한국건강증진개발원 자료실: 비만,코드,2026년 지역사회 통합건강증진사업(비만예방관리) 안내서,https://www.khepi.or.kr/kps/publish/fileDownload?fileGubun=site&menuId=publishMgr&userFileName=2026%EB%85%84+%EC%A7%80%EC%97%AD%EC%82%AC%ED%9A%8C%ED%86%B5%ED%95%A9%EA%B1%B4%EA%B0%95%EC%A6%9D%EC%A7%84%EC%82%AC%EC%97%85%EC%95%88%EB%82%B4%EC%84%9C%5B%EB%B9%84%EB%A7%8C%EC%98%88%EB%B0%A9%EA%B4%80%EB%A6%AC%5D_%EC%B5%9C%EC%A2%85.pdf&systemFileName=1771995014959.pdf&titleId=11315&fileId=1,2026년 지역사회통합건강증진사업안내서[비만예방관리]_최종.pdf,data\raw\khepi-ob-001.pdf,pdf,ko,2026-09-30,1d7600fc1de843631dc52d11e87cdf573a5a9c019d19d8f652fb1179189f24f6,135,64359,19,"2,6,7,11,12,31,32,33,38,39,40,41,56,78,82,117,118,119,134",38,사용,텍스트 없는 쪽 19개 중 1개 OCR (나머지는 표지·간지·빈 쪽) | 유사: khepi-ob-002 82% | 유사: mohw-002 67%,공공누리 확인 필요,,
khepi-ob-002,khepi-ob,한국건강증진개발원 자료실: 비만,코드,2025년 지역사회 통합건강증진사업(비만예방관리) 안내서,https://www.khepi.or.kr/kps/publish/fileDownload?fileGubun=site&menuId=publishMgr&userFileName=2025+%EC%A7%80%EC%97%AD%EC%82%AC%ED%9A%8C+%ED%86%B5%ED%95%A9%EA%B1%B4%EA%B0%95%EC%A6%9D%EC%A7%84%EC%82%AC%EC%97%85+%EC%95%88%EB%82%B4%28%EB%B9%84%EB%A7%8C+%EC%98%88%EB%B0%A9%EA%B4%80%EB%A6%AC%29.pdf&systemFileName=1739320634424.pdf&titleId=11156&fileId=1,2025 지역사회 통합건강증진사업 안내(비만 예방관리).pdf,data\raw\khepi-ob-002.pdf,pdf,ko,2026-09-30,d94c145d2bca95e2582aff4a102b4a2b827e70934e35b80faa58c2b283d2c84c,131,63144,18,"2,6,7,11,12,31,32,33,38,39,40,41,76,80,113,114,115,130",38,사용,텍스트 없는 쪽 18개 중 1개 OCR (나머지는 표지·간지·빈 쪽) | 유사: khepi-ob-001 82% | 유사: mohw-002 66% | 유사: mohw-006 82%,공공누리 확인 필요,,
khepi-pa-001,khepi-pa,한국건강증진개발원 자료실: 신체활동,코드,2025년 지역사회 통합건강증진사업(신체활동) 안내서,https://www.khepi.or.kr/kps/publish/fileDownload?fileGubun=site&menuId=publishMgr&userFileName=2025%EB%85%84%EB%8F%84+%EC%A7%80%EC%97%AD%EC%82%AC%ED%9A%8C+%ED%86%B5%ED%95%A9%EA%B1%B4%EA%B0%95%EC%A6%9D%EC%A7%84%EC%82%AC%EC%97%85+%5B%EC%8B%A0%EC%B2%B4%ED%99%9C%EB%8F%99%5D.pdf&systemFileName=1739771352553.pdf&titleId=11157&fileId=1,2025년도 지역사회 통합건강증진사업 [신체활동].pdf,data\raw\khepi-pa-001.pdf,pdf,ko,2026-09-30,f33e6a9cf3e7595fc04362098679ecf145fc400c15ad0d371180bd9bd9b9480a,141,71663,13,"4,5,8,41,42,46,49,50,58,86,87,90,94","41,46",사용,텍스트 없는 쪽 13개 중 2개 OCR (나머지는 표지·간지·빈 쪽) | 유사: mohw-003 79% | 유사: mohw-007 86%,공공누리 확인 필요,,
khepi-pa-002,khepi-pa,한국건강증진개발원 자료실: 신체활동,코드,건강을 위한 올바른 임신부 신체활동 프로그램('건강올임') 안내서(만족도 설문 양식 포함),https://www.khepi.or.kr/kps/publish/fileDownload?fileGubun=site&menuId=publishMgr&userFileName=%EA%B1%B4%EA%B0%95%EC%98%AC%EC%9E%84+%EC%95%88%EB%82%B4%EC%84%9C.pdf&systemFileName=1729214482363.pdf&titleId=11098&fileId=1,건강올임 안내서.pdf,data\raw\khepi-pa-002.pdf,pdf,ko,2026-09-30,677ba0d7283d9a142bd01efd0324a13691ead1d136c6106adad64f58b962a6ec,43,15388,8,"1,2,3,8,9,26,27,41",,사용,텍스트 없는 쪽 8개 → 표지·간지·빈 쪽,공공누리 확인 필요,,
khepi-pa-003,khepi-pa,한국건강증진개발원 자료실: 신체활동,코드,어르신 근력 균형운동 완성 프로그램('어운완') 운영 매뉴얼,https://www.khepi.or.kr/kps/publish/fileDownload?fileGubun=site&menuId=publishMgr&userFileName=%EC%96%B4%EC%9A%B4%EC%99%84+%EC%9A%B4%EC%98%81+%EB%A7%A4%EB%89%B4%EC%96%BC.pdf&systemFileName=1701324694277.pdf&titleId=10982&fileId=1,어운완 운영 매뉴얼.pdf,data\raw\khepi-pa-003.pdf,pdf,ko,2026-09-30,336b76ff0b72adc64dedd56267918c71367ddb2fe61d8fcfd90a4b49963b135c,74,26064,4,"1,2,4,6",,사용,텍스트 없는 쪽 4개 → 표지·간지·빈 쪽,공공누리 확인 필요,,
khepi-pa-004,khepi-pa,한국건강증진개발원 자료실: 신체활동,코드,한국인을 위한 신체활동 지침서 개정판,https://www.khepi.or.kr/kps/publish/fileDownload?fileGubun=site&menuId=publishMgr&userFileName=%ED%95%9C%EA%B5%AD%EC%9D%B8%EC%9D%84+%EC%9C%84%ED%95%9C+%EC%8B%A0%EC%B2%B4%ED%99%9C%EB%8F%99+%EC%A7%80%EC%B9%A8%EC%84%9C+%EA%B0%9C%EC%A0%95%ED%8C%90.pdf&systemFileName=1679880167150.pdf&titleId=10915&fileId=1,한국인을 위한 신체활동 지침서 개정판.pdf,data\raw\khepi-pa-004.pdf,pdf,ko,2026-09-30,dbae305ba931cb6ad8a5ca124a340a3994c572fa44ebb7975f49440aaa476785,81,36079,46,"1,4,5,7,9,11,12,13,15,17,18,19,20,21,22,23,25,27,29,31,33,35,37,39,41,43,45,47,49,51,53,55,57,59,61,62,63,65,67,69,71,73,75,77,79,81","1,4,5,7,9,11,15,17,18,19,20,21,25,27,29,31,33,35,37,39,41,43,45,47,49,51,53,55,57,59,61,65,67,69,71,73,75,77,79,81",사용,텍스트 없는 쪽 46개 중 40개 OCR (나머지는 표지·간지·빈 쪽),공공누리 확인 필요,,
ksso-2020-001,ksso-2020,2020 대한비만학회 비만 진료지침 요약 (JOMES 2021),코드(API),2020 Korean Society for the Study of Obesity Guidelines for the Management of Obesity in Korea,https://pmc.ncbi.nlm.nih.gov/articles/PMC8277596/,PMC8277596.xml,data\text\ksso-2020-001.txt,pmc,en,2026-09-30,e84aed09fbdae547322df264bb44875b1e2f51f00b07e7d9226bda884ec765e5,1,18397,0,,,사용,,https://creativecommons.org/licenses/by-nc/4.0/,,
mohw-001,mohw,보건복지부 (수동),수동,2023_한국인을위한신체활동지침서_개정판,manual://mohw/2023_한국인을위한신체활동지침서_개정판.pdf,2023_한국인을위한신체활동지침서_개정판.pdf,data\raw\mohw-001.pdf,pdf,ko,2026-09-30,dbae305ba931cb6ad8a5ca124a340a3994c572fa44ebb7975f49440aaa476785,81,15198,46,"1,4,5,7,9,11,12,13,15,17,18,19,20,21,22,23,25,27,29,31,33,35,37,39,41,43,45,47,49,51,53,55,57,59,61,62,63,65,67,69,71,73,75,77,79,81",,제외,완전 중복: khepi-pa-004,공공누리 확인 필요,,
mohw-002,mohw,보건복지부 (수동),수동,2024_통합건강증진사업안내_비만,manual://mohw/2024_통합건강증진사업안내_비만.pdf,2024_통합건강증진사업안내_비만.pdf,data\raw\mohw-002.pdf,pdf,ko,2026-09-30,72688b0ff01064f8a795b4ed4f1adf5d321fdcb703db51dd46b2e3cdaf0297aa,127,61743,16,"2,6,7,10,29,30,31,36,37,38,39,74,78,110,111,126",36,사용,텍스트 없는 쪽 16개 중 1개 OCR (나머지는 표지·간지·빈 쪽) | 유사: khepi-ob-001 67% | 유사: khepi-ob-002 66% | 유사: mohw-006 67%,공공누리 확인 필요,,
mohw-003,mohw,보건복지부 (수동),수동,2024_통합건강증진사업안내_신체활동,manual://mohw/2024_통합건강증진사업안내_신체활동.pdf,2024_통합건강증진사업안내_신체활동.pdf,data\raw\mohw-003.pdf,pdf,ko,2026-09-30,3409ede2654669f31315a1a4ff3fa286674e25bb2a0395a3f40ec4ded6d3c27b,139,70715,15,"1,4,5,8,41,42,46,49,50,58,84,85,88,92,138","41,46",사용,텍스트 없는 쪽 15개 중 2개 OCR (나머지는 표지·간지·빈 쪽) | 유사: khepi-pa-001 79% | 유사: mohw-007 77%,공공누리 확인 필요,,
mohw-004,mohw,보건복지부 (수동),수동,2025_통합건강증진사업안내_비만,manual://mohw/2025_통합건강증진사업안내_비만.pdf,2025_통합건강증진사업안내_비만.pdf,data\raw\mohw-004.pdf,pdf,ko,2026-09-30,d94c145d2bca95e2582aff4a102b4a2b827e70934e35b80faa58c2b283d2c84c,131,62776,18,"2,6,7,11,12,31,32,33,38,39,40,41,76,80,113,114,115,130",,제외,완전 중복: khepi-ob-002,공공누리 확인 필요,,
mohw-005,mohw,보건복지부 (수동),수동,2025_통합건강증진사업안내_신체활동,manual://mohw/2025_통합건강증진사업안내_신체활동.pdf,2025_통합건강증진사업안내_신체활동.pdf,data\raw\mohw-005.pdf,pdf,,2026-09-30,10e43fe6a7fd7e8a6534607c479989f4b7af3f14f7afe2a664b63858c404d220,141,0,141,"1,2,3,4,5,6,7,8,9,10,11,12,13,14,15,16,17,18,19,20,21,22,23,24,25,26,27,28,29,30,31,32,33,34,35,36,37,38,39,40,41,42,43,44,45,46,47,48,49,50,51,52,53,54,55,56,57,58,59,60,61,62,63,64,65,66,67,68,69,70,71,72,73,74,75,76,77,78,79,80,81,82,83,84,85,86,87,88,89,90,91,92,93,94,95,96,97,98,99,100,101,102,103,104,105,106,107,108,109,110,111,112,113,114,115,116,117,118,119,120,121,122,123,124,125,126,127,128,129,130,131,132,133,134,135,136,137,138,139,140,141",,제외,텍스트 층 없는 PDF(141/141쪽) → OCR 필요,공공누리 확인 필요,,
mohw-006,mohw,보건복지부 (수동),수동,2026_통합건강증진사업안내_비만,manual://mohw/2026_통합건강증진사업안내_비만.pdf,2026_통합건강증진사업안내_비만.pdf,data\raw\mohw-006.pdf,pdf,ko,2026-09-30,6262d0d3338ff3689b85e048235da872647bd765629adb9dd7f43eaec27cc8a6,135,64359,19,"2,6,7,11,12,31,32,33,38,39,40,41,56,78,82,117,118,119,134",38,제외,내용 중복: khepi-ob-001,공공누리 확인 필요,,
mohw-007,mohw,보건복지부 (수동),수동,2026_통합건강증진사업안내_신체활동,manual://mohw/2026_통합건강증진사업안내_신체활동.pdf,2026_통합건강증진사업안내_신체활동.pdf,data\raw\mohw-007.pdf,pdf,ko,2026-09-30,10cd6b46a894e07178462484ba752ebdf4ca66fd2cdb03bb5ba71842fcdf7513,141,71844,10,"1,4,8,42,46,50,58,86,90,94",46,사용,텍스트 없는 쪽 10개 중 1개 OCR (나머지는 표지·간지·빈 쪽) | 유사: khepi-pa-001 86% | 유사: mohw-003 77%,공공누리 확인 필요,,
pmc-dm-001,pmc-dm,PMC: Diabetes Metab J 운동·진료지침,코드(API),"Exercise, Exerkines, and Sarcopenia",https://pmc.ncbi.nlm.nih.gov/articles/PMC12813391/,PMC12813391.xml,data\text\pmc-dm-001.txt,pmc,en,2026-10-01,245678e9cd2fc1846fc353d965e63e99a4c0cf9d0d56a6f6012811d5ff15ba45,1,26033,0,,,사용,,https://creativecommons.org/licenses/by-nc/4.0/,,
pmc-dm-002,pmc-dm,PMC: Diabetes Metab J 운동·진료지침,코드(API),AMPK and Exercise: Glucose Uptake and Insulin Sensitivity,https://pmc.ncbi.nlm.nih.gov/articles/PMC3579147/,PMC3579147.xml,data\text\pmc-dm-002.txt,pmc,en,2026-10-01,660674760c590789e221cba344fbcdcdcdc210572d5bc8dcd89119f074a73a60,1,44147,0,,,사용,,https://creativecommons.org/licenses/by-nc/3.0/,,2026-10-01 운동 생리 기전 자료로 복원
pmc-dm-003,pmc-dm,PMC: Diabetes Metab J 운동·진료지침,코드(API),Can Habitual Exercise Help Reduce Serum Concentrations of Lipophilic Chemical Mixtures? Association between Physical Activity and Persistent Organic Pollutants,https://pmc.ncbi.nlm.nih.gov/articles/PMC7643589/,PMC7643589.xml,data\text\pmc-dm-003.txt,pmc,en,2026-09-30,50a50a607eabfd64a768be937575ee4c01397ac54afa21b47128a31552311aaa,1,23216,0,,,사용,,http://creativecommons.org/licenses/by-nc/4.0/,제외,주제 무관(기초의학·역학·편지) → 2026-09-30 PMCID 지정 목록에서 뺌
pmc-dm-004,pmc-dm,PMC: Diabetes Metab J 운동·진료지침,코드(API),Erratum: Table Correction. AMPK and Exercise: Glucose Uptake and Insulin Sensitivity,https://pmc.ncbi.nlm.nih.gov/articles/PMC3638229/,PMC3638229.xml,data\text\pmc-dm-004.txt,pmc,en,2026-09-30,07eca9b0876b23de87c686f670a97121eb2161e7ae53d9a7b135acb3809b424c,1,523,0,,,제외,본문 없음(초록만 제공),http://creativecommons.org/licenses/by-nc/3.0/,,
pmc-dm-005,pmc-dm,PMC: Diabetes Metab J 운동·진료지침,코드(API),Fibroblast Growth Factor 21: Bridging Nutrient Stress Signaling and Exercise-Induced Adaptive Responses,https://pmc.ncbi.nlm.nih.gov/articles/PMC13366153/,PMC13366153.xml,data\text\pmc-dm-005.txt,pmc,en,2026-10-01,2e583747817e90952bc355bc12cfc695531eaed763616d6e2135c8c6c653f330,1,7487,0,,,사용,,https://creativecommons.org/licenses/by-nc/4.0/,,2026-10-01 운동 생리 기전 자료로 복원
pmc-dm-006,pmc-dm,PMC: Diabetes Metab J 운동·진료지침,코드(API),"Exercise, Mitohormesis, and Mitochondrial ORF of the 12S rRNA Type-C (MOTS-c)",https://pmc.ncbi.nlm.nih.gov/articles/PMC9171157/,PMC9171157.xml,data\text\pmc-dm-006.txt,pmc,en,2026-10-01,ce0170111cc3de9d33f5a96c7742376c6cc3a0dd8c4c2f772c7be0555d004398,1,21246,0,,,사용,,https://creativecommons.org/licenses/by-nc/4.0/,,2026-10-01 운동 생리 기전 자료로 복원
pmc-dm-007,pmc-dm,PMC: Diabetes Metab J 운동·진료지침,코드(API),Effects of Exercise Alone on Insulin Sensitivity and Glucose Tolerance in Obese Youth,https://pmc.ncbi.nlm.nih.gov/articles/PMC3753486/,PMC3753486.xml,data\text\pmc-dm-007.txt,pmc,en,2026-10-01,91fa8a633345cfbdf985920d598052be93e7dfec1408bfbd38f3742e92137257,1,14494,0,,,사용,,https://creativecommons.org/licenses/by-nc/3.0/,,
pmc-dm-008,pmc-dm,PMC: Diabetes Metab J 운동·진료지침,코드(API),Maximal Fat Oxidation Rate during Exercise in Korean Women with Type 2 Diabetes Mellitus,https://pmc.ncbi.nlm.nih.gov/articles/PMC4543197/,PMC4543197.xml,data\text\pmc-dm-008.txt,pmc,en,2026-10-01,9a49d2f43ab76de0ae86bcb4dcd7a194e77b04758b720518062b651ff1a79e64,1,13588,0,,,사용,,https://creativecommons.org/licenses/by-nc/3.0/,,
pmc-dm-009,pmc-dm,PMC: Diabetes Metab J 당뇨병 진료지침·운동 연구,코드(API),2023 Clinical Practice Guidelines for Diabetes Mellitus of the Korean Diabetes Association,https://pmc.ncbi.nlm.nih.gov/articles/PMC10555541/,PMC10555541.xml,data\text\pmc-dm-009.txt,pmc,en,2026-10-01,795900dbb9c42a08ca91852b2811b4832439fb688305383170453d4cf4582c1a,1,24778,0,,,사용,,https://creativecommons.org/licenses/by-nc/4.0/,,
pmc-dm-010,pmc-dm,PMC: Diabetes Metab J 당뇨병 진료지침·운동 연구,코드(API),2025 Clinical Practice Guidelines for Diabetes Management in Korea: Recommendation of the Korean Diabetes Association,https://pmc.ncbi.nlm.nih.gov/articles/PMC12270580/,PMC12270580.xml,data\text\pmc-dm-010.txt,pmc,en,2026-10-01,cf0493d9956120b3e2a53a3adbda878cff198b4af632112d5daf4b50c75cadd6,1,562135,0,,,사용,,https://creativecommons.org/licenses/by-nc/4.0/,,
pmc-dm-011,pmc-dm,PMC: Diabetes Metab J 당뇨병 진료지침·운동 연구,코드(API),The Effect of Regular Exercise on Insulin Sensitivity in Type 2 Diabetes Mellitus: A Systematic Review and Meta-Analysis,https://pmc.ncbi.nlm.nih.gov/articles/PMC4995180/,PMC4995180.xml,data\text\pmc-dm-011.txt,pmc,en,2026-10-01,309b6425a19d2ecd7068baaa4202151972af261a804100d7fd7fbcd280fc0f1a,1,27193,0,,,사용,,https://creativecommons.org/licenses/by-nc/4.0/,,
pmc-dm-012,pmc-dm,PMC: Diabetes Metab J 당뇨병 진료지침·운동 연구,코드(API),Effectiveness of Exercise Intervention in Reducing Body Weight and Glycosylated Hemoglobin Levels in Patients with Type 2 Diabetes Mellitus in Korea: A Systematic Review and Meta-Analysis,https://pmc.ncbi.nlm.nih.gov/articles/PMC6581545/,PMC6581545.xml,data\text\pmc-dm-012.txt,pmc,en,2026-10-01,60d7481f89fa4919b4acd2e7471c0e40596e2f0bc199f8ad8e0b74da3a847a33,1,21660,0,,,사용,,https://creativecommons.org/licenses/by-nc/4.0/,,
pmc-dm-013,pmc-dm,PMC: Diabetes Metab J 당뇨병 진료지침·운동 연구,코드(API),Effectiveness of Resistance Exercise on Inflammatory Biomarkers in Patients with Type 2 Diabetes Mellitus: A Systematic Review with Meta-Analysis,https://pmc.ncbi.nlm.nih.gov/articles/PMC9925155/,PMC9925155.xml,data\text\pmc-dm-013.txt,pmc,en,2026-10-01,a58f393f7e5627b3c705690244a14e545edbf895352788db2a0df8dea4e0d1cc,1,24841,0,,,사용,,https://creativecommons.org/licenses/by-nc/4.0/,,
pmc-dm-ex-001,pmc-dm-ex,PMC: 당뇨 운동 생리·대상별 운동 리뷰,코드(API),Exercise Management for Young People With Type 1 Diabetes: A Structured Approach to the Exercise Consultation,https://pmc.ncbi.nlm.nih.gov/articles/PMC6587067/,PMC6587067.xml,data\text\pmc-dm-ex-001.txt,pmc,en,2026-10-01,29aedd4cab5c630cff25cce5a342be4a69002d8da383275ba000ce6bbb27ee66,1,29742,0,,,사용,,https://creativecommons.org/licenses/by/4.0/,,
pmc-dm-ex-002,pmc-dm-ex,PMC: 당뇨 운동 생리·대상별 운동 리뷰,코드(API),Carbohydrate Intake in the Context of Exercise in People with Type 1 Diabetes,https://pmc.ncbi.nlm.nih.gov/articles/PMC6950062/,PMC6950062.xml,data\text\pmc-dm-ex-002.txt,pmc,en,2026-10-01,428bb45b0a9ea5d80d290a7b64cc405a30f7c6561ef0fc0f6f4a8d4dbcaf7db9,1,38852,0,,,사용,,https://creativecommons.org/licenses/by/4.0/,,
pmc-dm-ex-003,pmc-dm-ex,PMC: 당뇨 운동 생리·대상별 운동 리뷰,코드(API),Exercise modes and their association with hypoglycemia episodes in adults with type 1 diabetes mellitus: a systematic review,https://pmc.ncbi.nlm.nih.gov/articles/PMC6203053/,PMC6203053.xml,data\text\pmc-dm-ex-003.txt,pmc,en,2026-10-01,d04a374b0cf7aba4f56b8e95d3ddc9caff7ab76a2e05d7cd7f297f923cef1a18,1,27065,0,,,사용,,https://creativecommons.org/licenses/by-nc/4.0/,,
pmc-dm-ex-004,pmc-dm-ex,PMC: 당뇨 운동 생리·대상별 운동 리뷰,코드(API),"Sexual Dimorphism in Glucose and Lipid Metabolism during Fasting, Hypoglycemia, and Exercise",https://pmc.ncbi.nlm.nih.gov/articles/PMC4410598/,PMC4410598.xml,data\text\pmc-dm-ex-004.txt,pmc,en,2026-10-01,7cf8bb87114c4ffe8fe681ef066e78cc58708300b3a44b09b815d7ef6ac883cc,1,17973,0,,,사용,,https://creativecommons.org/licenses/by/4.0/,,
pmc-dm-ex-005,pmc-dm-ex,PMC: 당뇨 운동 생리·대상별 운동 리뷰,코드(API),Body temperature regulation in diabetes,https://pmc.ncbi.nlm.nih.gov/articles/PMC4861190/,PMC4861190.xml,data\text\pmc-dm-ex-005.txt,pmc,en,2026-10-01,ad21ff2453714cc82281d86d3547f4e54701b694dec56ed77a00d1c7ae6ca801,1,63410,0,,,사용,,https://creativecommons.org/licenses/by-nc/3.0/,,
pmc-dm-ex-006,pmc-dm-ex,PMC: 당뇨 운동 생리·대상별 운동 리뷰,코드(API),Cardiovascular autonomic neuropathy in diabetes: an update with a focus on management,https://pmc.ncbi.nlm.nih.gov/articles/PMC11604676/,PMC11604676.xml,data\text\pmc-dm-ex-006.txt,pmc,en,2026-10-01,1f59556c853ec1904d80afa0f8c05f0ac55890aebce47479069cbdd2c333fa51,1,34108,0,,,사용,,https://creativecommons.org/licenses/by/4.0/,,
pmc-dm-ex-007,pmc-dm-ex,PMC: 당뇨 운동 생리·대상별 운동 리뷰,코드(API),Exercise and Nutrition Strategies for Combating Sarcopenia and Type 2 Diabetes Mellitus in Older Adults,https://pmc.ncbi.nlm.nih.gov/articles/PMC9225431/,PMC9225431.xml,data\text\pmc-dm-ex-007.txt,pmc,en,2026-10-01,809077fd86ad7b460e8a3e11f416eae45f7fc9dc85a36db2e69c050797438063,1,28370,0,,,사용,,https://creativecommons.org/licenses/by/4.0/,,
pmc-dm-ex-008,pmc-dm-ex,PMC: 당뇨 운동 생리·대상별 운동 리뷰,코드(API),Role of exercise on insulin sensitivity and beta-cell function: is exercise sufficient for the prevention of youth-onset type 2 diabetes?,https://pmc.ncbi.nlm.nih.gov/articles/PMC7788350/,PMC7788350.xml,data\text\pmc-dm-ex-008.txt,pmc,en,2026-10-01,eef30341d3aafb760cf9c1385f2e442e9ebd63d29fe66e2ca5986c716f6be932,1,22265,0,,,사용,,https://creativecommons.org/licenses/by-nc/4.0/,,
pmc-dm-ex-009,pmc-dm-ex,PMC: 당뇨 운동 생리·대상별 운동 리뷰,코드(API),Type 1 Diabetes and the Menstrual Cycle: Where/How Does Exercise Fit in?,https://pmc.ncbi.nlm.nih.gov/articles/PMC9957258/,PMC9957258.xml,data\text\pmc-dm-ex-009.txt,pmc,en,2026-10-01,c8eede82db51a79e73d37a2647c1d625506e017e3a7fa89ec9c8d0503a5d3a66,1,31626,0,,,사용,,https://creativecommons.org/licenses/by/4.0/,,
pmc-dm-ex-010,pmc-dm-ex,PMC: 당뇨 운동 생리·대상별 운동 리뷰,코드(API),Exercise as a Therapeutic Intervention in Gestational Diabetes Mellitus,https://pmc.ncbi.nlm.nih.gov/articles/PMC8046020/,PMC8046020.xml,data\text\pmc-dm-ex-010.txt,pmc,en,2026-10-01,1ae1f20a32920b4d8d977f86687d7bb95a820014068c6320d6df061668e87528,1,29907,0,,,사용,,https://creativecommons.org/licenses/by/4.0/,,
pmc-htn-001,pmc-htn,PMC: Clin Hypertens 한국 고혈압 지침,코드(API),Potential impact of 2018 Korean Society of Hypertension guidelines on Korean population: a population-based cohort study,https://pmc.ncbi.nlm.nih.gov/articles/PMC6995175/,PMC6995175.xml,data\text\pmc-htn-001.txt,pmc,en,2026-09-30,16d11437a0c77456fd22c12836bf21a24c795294cf399f209bb17530b086716d,1,19794,0,,,사용,,https://creativecommons.org/licenses/by/4.0/Open AccessThis article is distributed under the terms of the Creative Commo,제외,주제 무관(기초의학·역학·편지) → 2026-09-30 PMCID 지정 목록에서 뺌
pmc-htn-002,pmc-htn,PMC: Clin Hypertens 한국 고혈압 지침,코드(API),Evaluation of guideline adherence to hypertension-mediated organ damage screening in Korean patients with hypertension: results from the Korean Registry of Target Organ Damage in Hypertension (KorHR),https://pmc.ncbi.nlm.nih.gov/articles/PMC12961152/,PMC12961152.xml,data\text\pmc-htn-002.txt,pmc,en,2026-09-30,88bf733d55cfb258cfcbc300bcd7cec8c7b05a2a3e813b640ad25276c280f30a,1,23283,0,,,사용,,https://creativecommons.org/licenses/by-nc/4.0/This is an Open Access article distributed under the terms of the Creativ,제외,주제 무관(기초의학·역학·편지) → 2026-09-30 PMCID 지정 목록에서 뺌
pmc-htn-003,pmc-htn,PMC: Clin Hypertens 한국 고혈압 지침,코드(API),The 2022 focused update of the 2018 Korean Hypertension Society Guidelines for the management of hypertension,https://pmc.ncbi.nlm.nih.gov/articles/PMC9930285/,PMC9930285.xml,data\text\pmc-htn-003.txt,pmc,en,2026-09-30,8eb8db7d1dd76d8d043aae0220cc58bd2b5cb8025975e9693440a130607255e6,1,47465,0,,,사용,,https://creativecommons.org/licenses/by/4.0/,,
pmc-htn-004,pmc-htn,PMC: Clin Hypertens 한국 고혈압 지침,코드(API),2018 Korean Society of Hypertension guidelines for the management of hypertension: part I-epidemiology of hypertension,https://pmc.ncbi.nlm.nih.gov/articles/PMC6670210/,PMC6670210.xml,data\text\pmc-htn-004.txt,pmc,en,2026-09-30,8c332988937135e058014af183c93c0a8eb635d6147fc87557f2c00db4a4de8b,1,12575,0,,,사용,,https://creativecommons.org/licenses/by/4.0/,,
pmc-htn-005,pmc-htn,PMC: Clin Hypertens 한국 고혈압 지침,코드(API),2013 Korean Society of Hypertension guidelines for the management of hypertension. Part II—treatments of hypertension,https://pmc.ncbi.nlm.nih.gov/articles/PMC4745141/,PMC4745141.xml,data\text\pmc-htn-005.txt,pmc,en,2026-09-30,6523cd488ec6625b71a6390d4023bae83cb57bfccd13c28e23a50d24dd897a21,1,34706,0,,,사용,,https://creativecommons.org/licenses/by/4.0/,,
pmc-htn-006,pmc-htn,PMC: Clin Hypertens 한국 고혈압 지침,코드(API),2018 Korean society of hypertension guidelines for the management of hypertension: part III-hypertension in special situations,https://pmc.ncbi.nlm.nih.gov/articles/PMC6670160/,PMC6670160.xml,data\text\pmc-htn-006.txt,pmc,en,2026-09-30,36d7ff41c60030e4b000b29ee6b8a1c6a56caad0aa00f824e3c69059d7ec5092,1,33646,0,,,사용,,https://creativecommons.org/licenses/by/4.0/,,
pmc-htn-007,pmc-htn,PMC: Clin Hypertens 한국 고혈압 진료지침,코드(API),Highlights of the 2026 Korean Society of Hypertension guidelines for the management of hypertension: what’s new and what has changed,https://pmc.ncbi.nlm.nih.gov/articles/PMC13197191/,PMC13197191.xml,data\text\pmc-htn-007.txt,pmc,en,2026-09-30,bc6d10d98a77d1626f6d2333924775f0be01cfe76cd341ec7f7a156359d6213a,1,34905,0,,,사용,,https://creativecommons.org/licenses/by-nc/4.0/,,
pmc-htn-008,pmc-htn,PMC: Clin Hypertens 한국 고혈압 진료지침,코드(API),2018 Korean Society of Hypertension Guidelines for the management of hypertension: part II-diagnosis and treatment of hypertension,https://pmc.ncbi.nlm.nih.gov/articles/PMC6670135/,PMC6670135.xml,data\text\pmc-htn-008.txt,pmc,en,2026-09-30,574952ad5879c71ac9611f27242fb60d2c5ef914c03732391c0554a37f58f7cc,1,69291,0,,,사용,,https://creativecommons.org/licenses/by/4.0/,,
pmc-htn-ex-001,pmc-htn-ex,PMC: 고혈압 운동 생리·대상별 운동 리뷰,코드(API),Hypertensive response to exercise and exercise training in hypertension: odd couple no more,https://pmc.ncbi.nlm.nih.gov/articles/PMC5455108/,PMC5455108.xml,data\text\pmc-htn-ex-001.txt,pmc,en,2026-10-01,145f06ff0fe862a8ef929cbfcf1b0efd4b27e67f81f987b7a91e497369218a74,1,4276,0,,,사용,,https://creativecommons.org/licenses/by/4.0/,,
pmc-htn-ex-002,pmc-htn-ex,PMC: 고혈압 운동 생리·대상별 운동 리뷰,코드(API),Neural Control of Cardiovascular Function During Exercise in Hypertension,https://pmc.ncbi.nlm.nih.gov/articles/PMC6306405/,PMC6306405.xml,data\text\pmc-htn-ex-002.txt,pmc,en,2026-10-01,85992c931aeaa00b98af6cc280e8d2c5f8869523fe4dc5515c097d7c7ba1c607,1,16654,0,,,사용,,https://creativecommons.org/licenses/by/4.0/,,
pmc-htn-ex-003,pmc-htn-ex,PMC: 고혈압 운동 생리·대상별 운동 리뷰,코드(API),Exercise Hypertension,https://pmc.ncbi.nlm.nih.gov/articles/PMC4315351/,PMC4315351.xml,data\text\pmc-htn-ex-003.txt,pmc,en,2026-10-01,79a612be26e78479751dd1e16f33185b90b977d30cfaabfbe4506d9520f2c45b,1,29452,0,,,사용,,http://www.karger.com/Authors_Choice,,
pmc-htn-ex-004,pmc-htn-ex,PMC: 고혈압 운동 생리·대상별 운동 리뷰,코드(API),Skeletal Muscle Hyperemia: A Potential Bridge Between Post-exercise Hypotension and Glucose Regulation,https://pmc.ncbi.nlm.nih.gov/articles/PMC8841576/,PMC8841576.xml,data\text\pmc-htn-ex-004.txt,pmc,en,2026-10-01,99e64c8b2772024475d597db017617474aa4f6171f41647dde615033969f180d,1,19890,0,,,사용,,https://creativecommons.org/licenses/by/4.0/,,
pmc-htn-ex-005,pmc-htn-ex,PMC: 고혈압 운동 생리·대상별 운동 리뷰,코드(API),Isometric Exercise Training and Arterial Hypertension: An Updated Review,https://pmc.ncbi.nlm.nih.gov/articles/PMC11239608/,PMC11239608.xml,data\text\pmc-htn-ex-005.txt,pmc,en,2026-10-01,657cfba978a6d3fce4eca830cbf043667d8ef063409697888b98624e30f0fd62,1,99494,0,,,사용,,https://creativecommons.org/licenses/by/4.0/,,
pmc-htn-ex-006,pmc-htn-ex,PMC: 고혈압 운동 생리·대상별 운동 리뷰,코드(API),Clinical and Prognostic Value of Exaggerated Blood Pressure Response to Exercise,https://pmc.ncbi.nlm.nih.gov/articles/PMC11263987/,PMC11263987.xml,data\text\pmc-htn-ex-006.txt,pmc,en,2026-10-01,57bea3a5029dd90652cd18f3fa1f0881ae288adc9531979d49ada95813c81aa2,1,22223,0,,,사용,,https://creativecommons.org/licenses/by/4.0/,,
pmc-htn-ex-007,pmc-htn-ex,PMC: 고혈압 운동 생리·대상별 운동 리뷰,코드(API),Systematic review of intra-abdominal and intrathoracic pressures initiated by the Valsalva manoeuvre during high-intensity resistance exercises,https://pmc.ncbi.nlm.nih.gov/articles/PMC6945051/,PMC6945051.xml,data\text\pmc-htn-ex-007.txt,pmc,en,2026-10-01,f9cf4c5f9e892614b3d5cca59b913462558b932e3c2462845eac7d5ec083d1fa,1,29929,0,,,사용,,https://creativecommons.org/licenses/by-nc-nd/3.0/,,
pmc-htn-ex-008,pmc-htn-ex,PMC: 고혈압 운동 생리·대상별 운동 리뷰,코드(API),The Effect of Exercise on the Older Adult's Blood Pressure Suffering Hypertension: Systematic Review and Meta-Analysis on Clinical Trial Studies,https://pmc.ncbi.nlm.nih.gov/articles/PMC7512073/,PMC7512073.xml,data\text\pmc-htn-ex-008.txt,pmc,en,2026-10-01,faea687b162115041af2721c1d04c002244156c3f2aeccffdcca7d8a49b3dafb,1,20551,0,,,사용,,https://creativecommons.org/licenses/by/4.0/,,
pmc-htn-ex-009,pmc-htn-ex,PMC: 고혈압 운동 생리·대상별 운동 리뷰,코드(API),"Longitudinal Insights Into Pediatric Hypertension, Cardiac Consequences, and Physical Activity",https://pmc.ncbi.nlm.nih.gov/articles/PMC12953251/,PMC12953251.xml,data\text\pmc-htn-ex-009.txt,pmc,en,2026-10-01,0b0c847df7c147bc5c8521b1880a514f8bf1785663c13fe62229f16e3cb28188,1,34469,0,,,사용,,https://creativecommons.org/licenses/by/4.0/,,
pmc-htn-ex-010,pmc-htn-ex,PMC: 고혈압 운동 생리·대상별 운동 리뷰,코드(API),Cardiovascular Benefits of Exercise Training in Postmenopausal Hypertension,https://pmc.ncbi.nlm.nih.gov/articles/PMC6163560/,PMC6163560.xml,data\text\pmc-htn-ex-010.txt,pmc,en,2026-10-01,c1feda2631412999942bcc8a361833ed2735ed99c7b2a309482c4a0c450f0e6b,1,24559,0,,,사용,,https://creativecommons.org/licenses/by/4.0/,,
pmc-htn-ex-011,pmc-htn-ex,PMC: 고혈압 운동 생리·대상별 운동 리뷰,코드(API),Gender Differences in Hemodynamic Regulation and Cardiovascular Adaptations to Dynamic Exercise,https://pmc.ncbi.nlm.nih.gov/articles/PMC7393595/,PMC7393595.xml,data\text\pmc-htn-ex-011.txt,pmc,en,2026-10-01,3eaeda2c33d52fd26310a094edd5454daa4a1a9154446d48c2b6ce76c40bdbe9,1,25591,0,,,사용,,https://creativecommons.org/licenses/by-nc/4.0/,,
pmc-htn-ex-012,pmc-htn-ex,PMC: 고혈압 운동 생리·대상별 운동 리뷰,코드(API),The Effect of Exercise Training During Pregnancy to Improve Maternal Vascular Health: Focus on Gestational Hypertensive Disorders,https://pmc.ncbi.nlm.nih.gov/articles/PMC7225346/,PMC7225346.xml,data\text\pmc-htn-ex-012.txt,pmc,en,2026-10-01,23da92cb764e5de6e8e116ad85bf0924a47da724eb57f3ec33357be4fb206c68,1,25609,0,,,사용,,https://creativecommons.org/licenses/by/4.0/,,
pmc-ob-001,pmc-ob,PMC: J Obes Metab Syndr 운동·진료지침,코드(API),Exercise Guidelines for Enhancing Mobility and Stability in Individuals with Severe Obesity,https://pmc.ncbi.nlm.nih.gov/articles/PMC12884621/,PMC12884621.xml,data\text\pmc-ob-001.txt,pmc,en,2026-10-01,0a30022c73fd769232305aafc182e27188e68e9edc5d00fba9972d0da500f33e,1,26994,0,,,사용,,https://creativecommons.org/licenses/by-nc/4.0/,,
pmc-ob-002,pmc-ob,PMC: J Obes Metab Syndr 운동·진료지침,코드(API),2018 Korean Society for the Study of Obesity Guideline for the Management of Obesity in Korea,https://pmc.ncbi.nlm.nih.gov/articles/PMC6484940/,PMC6484940.xml,data\text\pmc-ob-002.txt,pmc,en,2026-10-01,8862b8a0bcc175f74bf55842a6c2ebe2580573ad09dd59ea99ff225171f8351e,1,14162,0,,,사용,,https://creativecommons.org/licenses/by-nc/4.0/,,
pmc-ob-003,pmc-ob,PMC: J Obes Metab Syndr 운동·진료지침,코드(API),"Heart Rate Responses at Rest, during Exercise and after Exercise Periods in Relation to Adiposity Levels among Young Nigerian Adults",https://pmc.ncbi.nlm.nih.gov/articles/PMC10088548/,PMC10088548.xml,data\text\pmc-ob-003.txt,pmc,en,2026-10-01,49303c647d5d254558d1cd1f6aab2eaa70f9d6258b1e40a0666f6479d0ab56be,1,22700,0,,,사용,,https://creativecommons.org/licenses/by-nc/4.0/,,2026-10-01 운동 생리 기전 자료로 복원
pmc-ob-004,pmc-ob,PMC: J Obes Metab Syndr 운동·진료지침,코드(API),Corrigendum: 2018 Korean Society for the Study of Obesity Guideline for the Management of Obesity in Korea,https://pmc.ncbi.nlm.nih.gov/articles/PMC6604844/,PMC6604844.xml,data\text\pmc-ob-004.txt,pmc,en,2026-09-30,3593104128dff53bb56c1104a0ffe343666491e02303233771c05fb72b313191,1,838,0,,,제외,본문 없음(초록만 제공),https://creativecommons.org/licenses/by-nc/4.0/This is an Open Access article distributed under the terms of the Creativ,,
pmc-ob-005,pmc-ob,PMC: J Obes Metab Syndr 운동·진료지침,코드(API),"Letter: Heart Rate Responses at Rest, during Exercise and after Exercise Periods in Relation to Adiposity Levels among Young Nigerian Adults (J Obes Metab Syndr 2023;32:87-97)",https://pmc.ncbi.nlm.nih.gov/articles/PMC11224926/,PMC11224926.xml,data\text\pmc-ob-005.txt,pmc,en,2026-09-30,0b160c92d14cf6aa0637190c6b418ff7eb1dde8e7236f8d965ce5fdd27bae1f7,1,6007,0,,,사용,,https://creativecommons.org/licenses/by-nc/4.0/This is an open-access article distributed under the terms of the Creativ,제외,주제 무관(기초의학·역학·편지) → 2026-09-30 PMCID 지정 목록에서 뺌
pmc-ob-006,pmc-ob,PMC: J Obes Metab Syndr 운동·진료지침,코드(API),Resistance Exercise and Cardiovascular Disease in Diabetes Mellitus,https://pmc.ncbi.nlm.nih.gov/articles/PMC9284569/,PMC9284569.xml,data\text\pmc-ob-006.txt,pmc,en,2026-10-01,736b8058fd096c5c92bd39ccf76e2ab865082c13a823926f1db1b652b7cf9319,1,4160,0,,,사용,,https://creativecommons.org/licenses/by-nc/4.0/,,
pmc-ob-007,pmc-ob,PMC: J Obes Metab Syndr 운동·진료지침,코드(API),Brain and Brawn: Role of Exercise-Induced Myokines,https://pmc.ncbi.nlm.nih.gov/articles/PMC6774442/,PMC6774442.xml,data\text\pmc-ob-007.txt,pmc,en,2026-10-01,0412a6c1cc2e4dcc98a61923a2d33fb884a2cfe7daeb1a7b84084433b1567aaa,1,4440,0,,,사용,,https://creativecommons.org/licenses/by-nc/4.0/,,2026-10-01 운동 생리 기전 자료로 복원
pmc-ob-008,pmc-ob,PMC: J Obes Metab Syndr 운동·진료지침,코드(API),Association between Exercise and Metabolic Syndrome in Koreans,https://pmc.ncbi.nlm.nih.gov/articles/PMC6489454/,PMC6489454.xml,data\text\pmc-ob-008.txt,pmc,en,2026-10-01,fbcdd9a0e5bdffee184be3ecb1248a65c5b65c5c032fcfe1a057c0bfd8b7f41f,1,15403,0,,,사용,,https://creativecommons.org/licenses/by-nc/4.0/,,
pmc-ob-009,pmc-ob,PMC: J Obes Metab Syndr 비만 진료지침·운동 연구,코드(API),Evaluation and Treatment of Obesity and Its Comorbidities: 2022 Update of Clinical Practice Guidelines for Obesity by the Korean Society for the Study of Obesity,https://pmc.ncbi.nlm.nih.gov/articles/PMC10088549/,PMC10088549.xml,data\text\pmc-ob-009.txt,pmc,en,2026-10-01,6f7ae3e205255977108ec33679f2e214b299717486867a2941e48ffda423ce61,1,21255,0,,,사용,,https://creativecommons.org/licenses/by-nc/4.0/,,
pmc-ob-010,pmc-ob,PMC: J Obes Metab Syndr 비만 진료지침·운동 연구,코드(API),Effects of Exercise on the Body Composition and Lipid Profile of Individuals with Obesity: A Systematic Review and Meta-Analysis,https://pmc.ncbi.nlm.nih.gov/articles/PMC6939705/,PMC6939705.xml,data\text\pmc-ob-010.txt,pmc,en,2026-10-01,94c1eb58952b910ff8c57b51314eecca371a32b7ed64698c12ad33ffd46e9bb3,1,19065,0,,,사용,,https://creativecommons.org/licenses/by-nc/4.0/,,
pmc-ob-011,pmc-ob,PMC: J Obes Metab Syndr 비만 진료지침·운동 연구,코드(API),The Importance of Individual Choice and Intention in Exercise Adherence and Weight Management,https://pmc.ncbi.nlm.nih.gov/articles/PMC8735821/,PMC8735821.xml,data\text\pmc-ob-011.txt,pmc,en,2026-10-01,24f047ea45cb867ae5615129b884d71bc69d0194cc63100859747205aa5396b5,1,5255,0,,,사용,,https://creativecommons.org/licenses/by-nc/4.0/,,
pmc-ob-012,pmc-ob,PMC: J Obes Metab Syndr 비만 진료지침·운동 연구,코드(API),Effects of Individualized Exercise on Risk Factors of Metabolic Syndrome: A Scoping Review,https://pmc.ncbi.nlm.nih.gov/articles/PMC11000518/,PMC11000518.xml,data\text\pmc-ob-012.txt,pmc,en,2026-10-01,ae55566a6140514f3754e725f7a49b6ef5e153bbe3d43cef828201efc886fc64,1,13988,0,,,사용,,https://creativecommons.org/licenses/by-nc/4.0/,,
pmc-ob-ex-001,pmc-ob-ex,PMC: 비만 운동 생리·대상별 운동 리뷰,코드(API),Exercise as a Therapeutic Strategy for Obesity: Central and Peripheral Mechanisms,https://pmc.ncbi.nlm.nih.gov/articles/PMC11596326/,PMC11596326.xml,data\text\pmc-ob-ex-001.txt,pmc,en,2026-10-01,a05d2907858dee0619a32c5a27457b6d8e9eb013ef48771b0ff1b6d645706517,1,42367,0,,,사용,,https://creativecommons.org/licenses/by/4.0/,,
pmc-ob-ex-002,pmc-ob-ex,PMC: 비만 운동 생리·대상별 운동 리뷰,코드(API),The impacts of exercise on pediatric obesity,https://pmc.ncbi.nlm.nih.gov/articles/PMC8103043/,PMC8103043.xml,data\text\pmc-ob-ex-002.txt,pmc,en,2026-10-01,d8b1d814eb9990a069c21f70b6a775e1634470b4fbc1ea1e6021696688399f28,1,31385,0,,,사용,,https://creativecommons.org/licenses/by-nc/4.0/,,
pmc-ob-ex-003,pmc-ob-ex,PMC: 비만 운동 생리·대상별 운동 리뷰,코드(API),Exercise and physical performance in older adults with sarcopenic obesity: A systematic review,https://pmc.ncbi.nlm.nih.gov/articles/PMC9366852/,PMC9366852.xml,data\text\pmc-ob-ex-003.txt,pmc,en,2026-10-01,0576c2c95eb8f282e68a27447747c485684e206dbc669b99b6ce2eede713f34b,1,35078,0,,,사용,,https://creativecommons.org/licenses/by/4.0/,,
pmc-ob-ex-004,pmc-ob-ex,PMC: 비만 운동 생리·대상별 운동 리뷰,코드(API),"Cardiac Autonomic Neuropathy in Obesity, the Metabolic Syndrome and Prediabetes: A Narrative Review",https://pmc.ncbi.nlm.nih.gov/articles/PMC6848658/,PMC6848658.xml,data\text\pmc-ob-ex-004.txt,pmc,en,2026-10-01,6570c131e269a1c2a2cddcf3c3a24ff4b6353bb1e09c3e6f3d1c800b8c0e7cc4,1,48305,0,,,사용,,https://creativecommons.org/licenses/by-nc/4.0/,,
rules-001,rules,규칙 문서 (수동),수동,2022_비의료건강관리서비스_가이드라인_사례집,manual://rules/2022_비의료건강관리서비스_가이드라인_사례집.pdf,2022_비의료건강관리서비스_가이드라인_사례집.pdf,data\raw\rules-001.pdf,pdf,ko,2026-09-30,117a4475ed09fb83108f107bf26ac8f69dcb14b32a7f4bacc854d6e0df0fe04b,42,23044,5,"2,12,13,36,37",,사용,텍스트 없는 쪽 5개 → 표지·간지·빈 쪽,공공누리 확인 필요,,규칙 문서: 검색 대상 아님
