출처ID,출처명,수집방식,문서수,사용,제외,보류,사용_총글자수,최근수집일
ada-2016,ADA 신체활동·운동과 당뇨병 성명서 (Diabetes Care 2016),코드(API),1,0,1,0,0,2026-09-30
jkd-acsm-ada,운동과 제2형 당뇨병: ACSM·ADA 공동 권고안 (J Korean Diabetes 2012),코드,1,1,0,0,22834,2026-09-30
jkd-complication,진행된 합병증이 있는 환자에서 운동 (J Korean Diabetes 2011),코드,1,1,0,0,8750,2026-09-30
jkd-elderly,노인 당뇨병 관리 (J Korean Diabetes 2024),코드,1,1,0,0,13544,2026-09-30
jkd-epi,운동과 당뇨병의 역학 (J Korean Diabetes 2011),코드,1,1,0,0,17383,2026-09-30
jkd-hiit,고강도 간헐적 운동과 당뇨병 (J Korean Diabetes 2024),코드,1,1,0,0,11403,2026-09-30
jkd-resist,당뇨병환자의 저항운동 (J Korean Diabetes 2025),코드,1,1,0,0,18044,2026-09-30
jkma-dm,"당뇨병과 운동 (대한의사협회지 48권, 2005)",코드,1,1,0,0,17617,2026-09-30
jkma-obesity,"비만 관리의 과학적 근거 (대한의사협회지 54권, 2011)",코드,1,1,0,0,39037,2026-09-30
kdca,질병관리청 국가건강정보포털,코드(API),21,21,0,0,157766,2026-09-30
khepi-ob,한국건강증진개발원 자료실: 비만,코드,2,2,0,0,127503,2026-09-30
khepi-pa,한국건강증진개발원 자료실: 신체활동,코드,4,4,0,0,149194,2026-09-30
ksso-2020,2020 대한비만학회 비만 진료지침 요약 (JOMES 2021),코드(API),1,1,0,0,18397,2026-09-30
mohw,보건복지부 (수동),수동,7,3,4,0,204302,2026-09-30
pmc-dm,PMC: Diabetes Metab J 운동·진료지침,코드(API),13,11,2,0,787602,2026-10-01
pmc-dm-ex,PMC: 당뇨 운동 생리·대상별 운동 리뷰,코드(API),10,10,0,0,323318,2026-10-01
pmc-htn,PMC: Clin Hypertens 한국 고혈압 지침,코드(API),8,6,2,0,232588,2026-09-30
pmc-htn-ex,PMC: 고혈압 운동 생리·대상별 운동 리뷰,코드(API),12,12,0,0,352697,2026-10-01
pmc-ob,PMC: J Obes Metab Syndr 운동·진료지침,코드(API),12,10,2,0,147422,2026-10-01
pmc-ob-ex,PMC: 비만 운동 생리·대상별 운동 리뷰,코드(API),4,4,0,0,157135,2026-10-01
rules,규칙 문서 (수동),수동,1,1,0,0,23044,2026-09-30
합계,,,104,93,11,0,2829580,2026-10-01
